skill,salary
Kubernetes,63315
Kubernetes,63315
Kubernetes,63315
Kubernetes,63315
Kubernetes,63315
Kubernetes,63315
Kubernetes,63315
Kubernetes,63315
Kubernetes,63315
Kubernetes,63315
Kubernetes,63315
Kubernetes,63315
Kubernetes,63315
Kubernetes,63315
Kubernetes,63024
Kubernetes,63024
Kubernetes,64230
Kubernetes,60000
Kubernetes,84867
Kubernetes,67184
Kubernetes,70000
Kubernetes,90000
Kubernetes,69500
Kubernetes,69500
Kubernetes,90002
Kubernetes,90002
Kubernetes,91000
Kubernetes,108000
Kubernetes,69500
Kubernetes,75000
Kubernetes,75000
Kubernetes,80000
Kubernetes,80000
Kubernetes,80000
Kubernetes,84000
Kubernetes,91000
Kubernetes,93000
Kubernetes,103000
Kubernetes,105608
Kubernetes,81266
Kubernetes,90002
Kubernetes,90002
Kubernetes,90002
Kubernetes,90002
Kubernetes,90002
Kubernetes,90002
Kubernetes,90002
Kubernetes,90002
Kubernetes,90002
Kubernetes,90002
Kubernetes,90002
Kubernetes,91915
Kubernetes,91915
Kubernetes,91915
Kubernetes,110032
Kubernetes,83470
Kubernetes,90002
Kubernetes,90002
Kubernetes,90002
Kubernetes,90002
Kubernetes,90002
Kubernetes,90002
Kubernetes,90002
Kubernetes,90002
Kubernetes,90002
Kubernetes,90002
Kubernetes,90002
Kubernetes,90002
Kubernetes,90002
Kubernetes,90002
Kubernetes,90002
Kubernetes,90002
Kubernetes,90002
Kubernetes,90002
Kubernetes,90002
Kubernetes,90002
Kubernetes,90002
Kubernetes,90002
Kubernetes,90002
Kubernetes,90002
Kubernetes,90002
Kubernetes,110032
Kubernetes,79664
Kubernetes,88670
Kubernetes,91915
Kubernetes,91915
Kubernetes,91915
Kubernetes,91915
Kubernetes,91915
Kubernetes,99174
Kubernetes,93038
Kubernetes,112549
Kubernetes,72220
Kubernetes,70000
Kubernetes,70000
Kubernetes,70000
Kubernetes,70000
Kubernetes,70000
Kubernetes,85000
Kubernetes,90000
Kubernetes,90000
Kubernetes,94058
Kubernetes,94058
Kubernetes,94058
Kubernetes,97000
Kubernetes,70000
Kubernetes,70000
Kubernetes,70000
Kubernetes,75000
Kubernetes,75000
Kubernetes,95000
Kubernetes,950000
Kubernetes,115000
Kubernetes,73445
Kubernetes,95000
Kubernetes,133000
Kubernetes,82000
Kubernetes,140000
Kubernetes,62000
Kubernetes,118000
Kubernetes,66186
Kubernetes,78510
Kubernetes,99800
Kubernetes,70949
Kubernetes,72000
Kubernetes,74300
Kubernetes,76000
Kubernetes,77700
Kubernetes,77700
Kubernetes,77700
Kubernetes,77700
Kubernetes,77700
Kubernetes,77700
Kubernetes,77700
Kubernetes,77700
Kubernetes,77700
Kubernetes,77700
Kubernetes,77700
Kubernetes,77700
Kubernetes,77700
Kubernetes,77700
Kubernetes,77700
Kubernetes,77700
Kubernetes,77700
Kubernetes,77700
Kubernetes,77700
Kubernetes,80000
Kubernetes,80000
Kubernetes,80000
Kubernetes,80000
Kubernetes,80000
Kubernetes,80000
Kubernetes,80000
Kubernetes,87500
Kubernetes,89000
Kubernetes,90000
Kubernetes,90000
Kubernetes,91700
Kubernetes,71000
Kubernetes,77700
Kubernetes,77700
Kubernetes,77700
Kubernetes,77700
Kubernetes,77700
Kubernetes,77700
Kubernetes,77700
Kubernetes,77700
Kubernetes,77700
Kubernetes,77700
Kubernetes,77700
Kubernetes,77700
Kubernetes,77700
Kubernetes,77700
Kubernetes,77700
Kubernetes,78000
Kubernetes,79900
Kubernetes,80000
Kubernetes,80000
Kubernetes,80000
Kubernetes,80000
Kubernetes,80000
Kubernetes,80000
Kubernetes,80000
Kubernetes,80000
Kubernetes,80000
Kubernetes,80000
Kubernetes,80000
Kubernetes,80000
Kubernetes,80000
Kubernetes,80000
Kubernetes,80000
Kubernetes,80000
Kubernetes,80000
Kubernetes,80000
Kubernetes,80000
Kubernetes,80000
Kubernetes,80000
Kubernetes,80000
Kubernetes,80000
Kubernetes,81300
Kubernetes,82000
Kubernetes,82000
Kubernetes,82000
Kubernetes,82000
Kubernetes,82000
Kubernetes,82000
Kubernetes,82000
Kubernetes,82000
Kubernetes,82000
Kubernetes,82000
Kubernetes,82000
Kubernetes,82000
Kubernetes,82000
Kubernetes,82000
Kubernetes,85500
Kubernetes,85500
Kubernetes,85500
Kubernetes,85500
Kubernetes,85500
Kubernetes,85500
Kubernetes,87000
Kubernetes,87000
Kubernetes,87500
Kubernetes,89000
Kubernetes,89000
Kubernetes,89000
Kubernetes,89000
Kubernetes,89000
Kubernetes,89000
Kubernetes,89000
Kubernetes,89000
Kubernetes,89000
Kubernetes,89000
Kubernetes,89000
Kubernetes,89000
Kubernetes,89000
Kubernetes,89000
Kubernetes,89000
Kubernetes,89000
Kubernetes,89000
Kubernetes,89000
Kubernetes,89000
Kubernetes,89000
Kubernetes,89900
Kubernetes,89900
Kubernetes,89900
Kubernetes,89900
Kubernetes,89900
Kubernetes,90000
Kubernetes,90000
Kubernetes,90000
Kubernetes,90000
Kubernetes,90000
Kubernetes,90000
Kubernetes,90000
Kubernetes,90000
Kubernetes,90000
Kubernetes,90000
Kubernetes,90000
Kubernetes,90000
Kubernetes,90000
Kubernetes,90000
Kubernetes,90000
Kubernetes,90000
Kubernetes,90000
Kubernetes,90000
Kubernetes,90000
Kubernetes,90000
Kubernetes,90000
Kubernetes,90000
Kubernetes,90000
Kubernetes,90000
Kubernetes,90000
Kubernetes,90000
Kubernetes,91700
Kubernetes,91700
Kubernetes,91700
Kubernetes,91700
Kubernetes,91700
Kubernetes,91700
Kubernetes,72000
Kubernetes,72000
Kubernetes,74776
Kubernetes,77000
Kubernetes,77700
Kubernetes,77700
Kubernetes,77700
Kubernetes,77700
Kubernetes,77700
Kubernetes,77700
Kubernetes,77700
Kubernetes,77700
Kubernetes,77700
Kubernetes,77700
Kubernetes,77700
Kubernetes,77700
Kubernetes,77700
Kubernetes,77700
Kubernetes,77700
Kubernetes,77700
Kubernetes,77700
Kubernetes,77700
Kubernetes,77700
Kubernetes,77700
Kubernetes,77700
Kubernetes,77700
Kubernetes,77700
Kubernetes,77700
Kubernetes,77700
Kubernetes,77700
Kubernetes,77700
Kubernetes,77700
Kubernetes,77700
Kubernetes,77700
Kubernetes,77700
Kubernetes,77700
Kubernetes,77700
Kubernetes,77700
Kubernetes,77700
Kubernetes,77700
Kubernetes,77700
Kubernetes,82000
Kubernetes,82000
Kubernetes,82000
Kubernetes,82000
Kubernetes,82000
Kubernetes,82000
Kubernetes,82000
Kubernetes,82000
Kubernetes,82000
Kubernetes,82000
Kubernetes,82000
Kubernetes,82000
Kubernetes,82200
Kubernetes,82400
Kubernetes,82400
Kubernetes,83000
Kubernetes,83000
Kubernetes,83000
Kubernetes,85300
Kubernetes,85500
Kubernetes,85500
Kubernetes,85500
Kubernetes,85500
Kubernetes,85500
Kubernetes,85500
Kubernetes,85500
Kubernetes,85500
Kubernetes,85500
Kubernetes,85500
Kubernetes,85500
Kubernetes,85500
Kubernetes,86000
Kubernetes,86000
Kubernetes,86000
Kubernetes,86000
Kubernetes,86000
Kubernetes,86000
Kubernetes,86000
Kubernetes,86000
Kubernetes,86000
Kubernetes,86000
Kubernetes,88586
Kubernetes,88900
Kubernetes,88900
Kubernetes,89000
Kubernetes,89000
Kubernetes,89000
Kubernetes,89000
Kubernetes,89000
Kubernetes,89000
Kubernetes,89000
Kubernetes,89000
Kubernetes,89000
Kubernetes,89000
Kubernetes,89000
Kubernetes,89000
Kubernetes,89000
Kubernetes,90000
Kubernetes,90646
Kubernetes,90700
Kubernetes,90700
Kubernetes,90700
Kubernetes,90700
Kubernetes,91000
Kubernetes,91000
Kubernetes,91000
Kubernetes,91000
Kubernetes,91000
Kubernetes,91000
Kubernetes,91000
Kubernetes,91000
Kubernetes,91000
Kubernetes,91000
Kubernetes,91000
Kubernetes,91000
Kubernetes,91000
Kubernetes,91000
Kubernetes,91700
Kubernetes,91700
Kubernetes,91700
Kubernetes,95000
Kubernetes,99300
Kubernetes,99300
Kubernetes,99900
Kubernetes,67100
Kubernetes,72000
Kubernetes,74402
Kubernetes,74402
Kubernetes,77000
Kubernetes,77700
Kubernetes,77700
Kubernetes,77700
Kubernetes,77700
Kubernetes,77700
Kubernetes,77700
Kubernetes,77700
Kubernetes,77700
Kubernetes,77700
Kubernetes,77700
Kubernetes,77700
Kubernetes,77700
Kubernetes,77700
Kubernetes,77700
Kubernetes,77700
Kubernetes,77700
Kubernetes,77700
Kubernetes,77700
Kubernetes,77700
Kubernetes,77700
Kubernetes,77700
Kubernetes,77700
Kubernetes,77700
Kubernetes,77700
Kubernetes,77700
Kubernetes,77700
Kubernetes,77700
Kubernetes,77700
Kubernetes,77700
Kubernetes,77700
Kubernetes,77700
Kubernetes,77700
Kubernetes,77700
Kubernetes,77700
Kubernetes,77700
Kubernetes,77700
Kubernetes,77700
Kubernetes,77700
Kubernetes,77700
Kubernetes,77700
Kubernetes,77700
Kubernetes,77700
Kubernetes,77700
Kubernetes,77700
Kubernetes,77700
Kubernetes,77700
Kubernetes,84000
Kubernetes,85197
Kubernetes,85500
Kubernetes,85500
Kubernetes,85500
Kubernetes,85500
Kubernetes,85500
Kubernetes,85500
Kubernetes,85530
Kubernetes,85530
Kubernetes,86000
Kubernetes,86000
Kubernetes,86000
Kubernetes,86000
Kubernetes,86000
Kubernetes,86000
Kubernetes,86000
Kubernetes,86000
Kubernetes,86000
Kubernetes,86000
Kubernetes,86000
Kubernetes,86000
Kubernetes,86000
Kubernetes,86000
Kubernetes,86000
Kubernetes,87700
Kubernetes,90646
Kubernetes,90646
Kubernetes,90646
Kubernetes,90646
Kubernetes,90646
Kubernetes,90646
Kubernetes,90700
Kubernetes,91000
Kubernetes,91000
Kubernetes,91000
Kubernetes,91000
Kubernetes,91000
Kubernetes,91000
Kubernetes,91000
Kubernetes,91000
Kubernetes,91000
Kubernetes,91000
Kubernetes,91000
Kubernetes,91000
Kubernetes,91000
Kubernetes,91000
Kubernetes,91000
Kubernetes,91000
Kubernetes,91000
Kubernetes,91000
Kubernetes,91000
Kubernetes,91000
Kubernetes,92019
Kubernetes,92019
Kubernetes,92019
Kubernetes,92019
Kubernetes,92100
Kubernetes,92100
Kubernetes,92100
Kubernetes,93000
Kubernetes,93000
Kubernetes,93000
Kubernetes,93000
Kubernetes,93000
Kubernetes,93000
Kubernetes,93000
Kubernetes,93000
Kubernetes,99000
Kubernetes,109900
Kubernetes,112120
Kubernetes,115000
Kubernetes,105000
Kubernetes,97000
Kubernetes,87859
Kubernetes,105000
Kubernetes,105000
Kubernetes,117000
Kubernetes,117000
Kubernetes,124000
Kubernetes,133000
Kubernetes,137000
Kubernetes,147200
Kubernetes,148000
Kubernetes,110000
Kubernetes,124000
Kubernetes,90000
Kubernetes,94950
Kubernetes,101774
Kubernetes,99000
Kubernetes,109200
Kubernetes,150000
Kubernetes,111405
Kubernetes,111405
Kubernetes,111405
Kubernetes,115398
Kubernetes,112000
Kubernetes,70000
Kubernetes,70000
Kubernetes,70000
Kubernetes,70000
Kubernetes,72000
Kubernetes,72000
Kubernetes,72000
Kubernetes,95000
Kubernetes,95000
Kubernetes,105000
Kubernetes,95000
Kubernetes,95000
Kubernetes,98000
Kubernetes,67000
Kubernetes,67000
Kubernetes,88670
Kubernetes,88670
Kubernetes,95000
Kubernetes,95000
Kubernetes,95000
Kubernetes,95000
Kubernetes,95000
Kubernetes,95000
Kubernetes,95000
Kubernetes,95000
Kubernetes,95000
Kubernetes,95000
Kubernetes,95000
Kubernetes,95000
Kubernetes,95000
Kubernetes,95000
Kubernetes,95000
Kubernetes,95000
Kubernetes,95000
Kubernetes,95000
Kubernetes,95000
Kubernetes,95000
Kubernetes,95000
Kubernetes,95000
Kubernetes,95000
Kubernetes,95000
Kubernetes,95000
Kubernetes,95000
Kubernetes,95000
Kubernetes,95000
Kubernetes,95000
Kubernetes,95000
Kubernetes,95000
Kubernetes,95000
Kubernetes,95000
Kubernetes,95000
Kubernetes,98000
Kubernetes,100000
Kubernetes,100000
Kubernetes,111405
Kubernetes,115000
Kubernetes,60000
Kubernetes,100000
Kubernetes,115000
Kubernetes,96366
Kubernetes,93933
Kubernetes,93933
Kubernetes,96366
Kubernetes,96366
Kubernetes,71926
Kubernetes,72966
Kubernetes,72966
Kubernetes,76357
Kubernetes,76357
Kubernetes,80912
Kubernetes,80912
Kubernetes,81016
Kubernetes,81016
Kubernetes,81016
Kubernetes,84240
Kubernetes,84240
Kubernetes,84240
Kubernetes,84240
Kubernetes,84240
Kubernetes,84240
Kubernetes,85134
Kubernetes,85134
Kubernetes,85134
Kubernetes,85426
Kubernetes,85426
Kubernetes,85426
Kubernetes,85488
Kubernetes,87173
Kubernetes,87464
Kubernetes,87464
Kubernetes,88670
Kubernetes,88670
Kubernetes,90376
Kubernetes,90480
Kubernetes,90646
Kubernetes,90646
Kubernetes,90646
Kubernetes,91104
Kubernetes,91915
Kubernetes,93746
Kubernetes,96366
Kubernetes,96366
Kubernetes,103563
Kubernetes,80912
Kubernetes,85426
Kubernetes,89918
Kubernetes,105600
Kubernetes,116850
Kubernetes,100940
Kubernetes,103000
Kubernetes,130000
Kubernetes,114900
Kubernetes,122900
Kubernetes,73000
Kubernetes,80500
Kubernetes,85000
Kubernetes,85000
Kubernetes,90000
Kubernetes,90000
Kubernetes,90000
Kubernetes,90000
Kubernetes,90000
Kubernetes,90000
Kubernetes,92000
Kubernetes,92000
Kubernetes,92500
Kubernetes,93000
Kubernetes,95000
Kubernetes,95000
Kubernetes,95000
Kubernetes,95000
Kubernetes,95000
Kubernetes,95000
Kubernetes,95000
Kubernetes,95000
Kubernetes,95000
Kubernetes,95000
Kubernetes,96700
Kubernetes,98000
Kubernetes,98000
Kubernetes,99500
Kubernetes,100000
Kubernetes,100000
Kubernetes,100000
Kubernetes,100000
Kubernetes,100000
Kubernetes,100000
Kubernetes,100000
Kubernetes,100000
Kubernetes,100000
Kubernetes,100090
Kubernetes,102000
Kubernetes,103000
Kubernetes,103000
Kubernetes,103000
Kubernetes,103000
Kubernetes,103000
Kubernetes,103000
Kubernetes,105000
Kubernetes,105000
Kubernetes,105000
Kubernetes,105000
Kubernetes,105000
Kubernetes,105000
Kubernetes,105000
Kubernetes,105000
Kubernetes,105000
Kubernetes,107000
Kubernetes,108000
Kubernetes,108000
Kubernetes,108000
Kubernetes,108000
Kubernetes,110000
Kubernetes,110000
Kubernetes,110000
Kubernetes,110000
Kubernetes,110000
Kubernetes,110000
Kubernetes,110000
Kubernetes,110000
Kubernetes,110000
Kubernetes,110000
Kubernetes,110000
Kubernetes,110000
Kubernetes,110000
Kubernetes,110000
Kubernetes,110000
Kubernetes,110000
Kubernetes,112000
Kubernetes,115000
Kubernetes,115000
Kubernetes,115000
Kubernetes,115000
Kubernetes,115000
Kubernetes,115000
Kubernetes,115000
Kubernetes,115000
Kubernetes,115000
Kubernetes,115000
Kubernetes,115000
Kubernetes,115000
Kubernetes,115000
Kubernetes,118000
Kubernetes,118798
Kubernetes,120000
Kubernetes,120000
Kubernetes,120000
Kubernetes,120000
Kubernetes,121762
Kubernetes,123000
Kubernetes,125000
Kubernetes,125000
Kubernetes,125000
Kubernetes,125000
Kubernetes,125000
Kubernetes,125000
Kubernetes,125500
Kubernetes,128000
Kubernetes,128000
Kubernetes,128000
Kubernetes,130000
Kubernetes,130000
Kubernetes,130000
Kubernetes,130000
Kubernetes,130000
Kubernetes,80000
Kubernetes,90002
Kubernetes,162300
Kubernetes,77000
Kubernetes,138362
Kubernetes,88691
Kubernetes,100000
Kubernetes,100000
Kubernetes,100000
Kubernetes,100000
Kubernetes,100000
Kubernetes,100000
Kubernetes,105000
Kubernetes,105000
Kubernetes,110000
Kubernetes,110000
Kubernetes,110000
Kubernetes,120000
Kubernetes,120000
Kubernetes,120000
Kubernetes,123120
Kubernetes,130000
Kubernetes,130000
Kubernetes,80850
Kubernetes,89260
Kubernetes,90002
Kubernetes,80000
Kubernetes,82000
Kubernetes,87000
Kubernetes,87000
Kubernetes,90000
Kubernetes,95000
Kubernetes,98177
Kubernetes,100000
Kubernetes,100000
Kubernetes,100000
Kubernetes,100000
Kubernetes,100000
Kubernetes,100000
Kubernetes,100000
Kubernetes,100000
Kubernetes,103000
Kubernetes,105000
Kubernetes,105000
Kubernetes,105000
Kubernetes,105000
Kubernetes,105000
Kubernetes,105000
Kubernetes,106000
Kubernetes,107000
Kubernetes,110000
Kubernetes,110000
Kubernetes,110000
Kubernetes,110000
Kubernetes,110000
Kubernetes,110000
Kubernetes,110000
Kubernetes,115000
Kubernetes,115000
Kubernetes,115000
Kubernetes,115000
Kubernetes,116600
Kubernetes,118000
Kubernetes,120000
Kubernetes,120000
Kubernetes,125000
Kubernetes,128271
Kubernetes,84184
Kubernetes,100000
Kubernetes,105000
Kubernetes,105000
Kubernetes,105000
Kubernetes,106000
Kubernetes,108160
Kubernetes,108160
Kubernetes,111300
Kubernetes,83000
Kubernetes,97275
Kubernetes,100000
Kubernetes,103040
Kubernetes,106000
Kubernetes,106605
Kubernetes,108150
Kubernetes,109368
Kubernetes,109970
Kubernetes,112270
Kubernetes,114790
Kubernetes,120000
Kubernetes,120000
Kubernetes,121900
Kubernetes,125000
Kubernetes,126000
Kubernetes,126000
Kubernetes,126000
Kubernetes,127293
Kubernetes,130000
Kubernetes,130478
Kubernetes,145000
Kubernetes,145000
Kubernetes,98850
Kubernetes,106000
Kubernetes,106591
Kubernetes,120000
Kubernetes,121581
Kubernetes,124000
Kubernetes,125400
Kubernetes,128038
Kubernetes,101091
Kubernetes,147000
Kubernetes,147000
Kubernetes,65229
Kubernetes,71802
Kubernetes,71802
Kubernetes,75000
Kubernetes,85000
Kubernetes,85000
Kubernetes,85000
Kubernetes,88254
Kubernetes,88254
Kubernetes,90000
Kubernetes,100000
Kubernetes,100000
Kubernetes,100000
Kubernetes,100000
Kubernetes,100000
Kubernetes,105000
Kubernetes,105000
Kubernetes,109762
Kubernetes,110000
Kubernetes,115142
Kubernetes,120000
Kubernetes,120000
Kubernetes,125000
Kubernetes,130000
Kubernetes,130000
Kubernetes,130000
Kubernetes,135000
Kubernetes,140000
Kubernetes,140000
Kubernetes,140000
Kubernetes,140000
Kubernetes,160000
Kubernetes,165360
Kubernetes,180000
Kubernetes,90000
Kubernetes,90000
Kubernetes,90000
Kubernetes,95000
Kubernetes,95000
Kubernetes,105000
Kubernetes,105000
Kubernetes,81182
Kubernetes,85000
Kubernetes,85000
Kubernetes,85000
Kubernetes,86002
Kubernetes,87000
Kubernetes,87000
Kubernetes,87000
Kubernetes,87000
Kubernetes,88254
Kubernetes,94649
Kubernetes,95000
Kubernetes,95000
Kubernetes,100000
Kubernetes,100000
Kubernetes,100000
Kubernetes,100000
Kubernetes,100000
Kubernetes,100000
Kubernetes,100000
Kubernetes,100000
Kubernetes,100176
Kubernetes,102000
Kubernetes,105000
Kubernetes,105000
Kubernetes,105000
Kubernetes,105000
Kubernetes,105000
Kubernetes,105000
Kubernetes,105000
Kubernetes,105000
Kubernetes,105000
Kubernetes,105000
Kubernetes,105000
Kubernetes,105000
Kubernetes,105000
Kubernetes,105000
Kubernetes,105000
Kubernetes,105000
Kubernetes,105000
Kubernetes,105000
Kubernetes,105000
Kubernetes,105000
Kubernetes,105473
Kubernetes,106000
Kubernetes,106030
Kubernetes,107100
Kubernetes,108255
Kubernetes,109762
Kubernetes,109762
Kubernetes,110000
Kubernetes,110000
Kubernetes,110000
Kubernetes,110000
Kubernetes,110000
Kubernetes,110000
Kubernetes,110000
Kubernetes,110000
Kubernetes,110000
Kubernetes,110000
Kubernetes,110000
Kubernetes,110000
Kubernetes,110000
Kubernetes,110000
Kubernetes,110000
Kubernetes,110000
Kubernetes,110000
Kubernetes,110000
Kubernetes,110000
Kubernetes,110000
Kubernetes,110000
Kubernetes,110000
Kubernetes,110000
Kubernetes,110000
Kubernetes,110000
Kubernetes,110000
Kubernetes,110000
Kubernetes,110000
Kubernetes,110000
Kubernetes,110000
Kubernetes,110000
Kubernetes,110250
Kubernetes,112000
Kubernetes,112200
Kubernetes,112500
Kubernetes,112500
Kubernetes,113835
Kubernetes,115000
Kubernetes,115000
Kubernetes,115000
Kubernetes,115000
Kubernetes,115000
Kubernetes,115000
Kubernetes,115000
Kubernetes,115000
Kubernetes,115000
Kubernetes,115000
Kubernetes,115000
Kubernetes,116078
Kubernetes,116550
Kubernetes,116558
Kubernetes,116600
Kubernetes,116600
Kubernetes,116600
Kubernetes,118000
Kubernetes,118000
Kubernetes,118217
Kubernetes,120000
Kubernetes,122317
Kubernetes,122317
Kubernetes,125000
Kubernetes,125000
Kubernetes,128500
Kubernetes,130769
Kubernetes,131285
Kubernetes,84184
Kubernetes,85000
Kubernetes,87000
Kubernetes,88000
Kubernetes,88254
Kubernetes,90000
Kubernetes,90000
Kubernetes,100700
Kubernetes,105000
Kubernetes,106380
Kubernetes,106586
Kubernetes,111300
Kubernetes,114639
Kubernetes,115000
Kubernetes,122674
Kubernetes,80000
Kubernetes,83000
Kubernetes,95460
Kubernetes,100000
Kubernetes,102129
Kubernetes,102695
Kubernetes,104790
Kubernetes,105000
Kubernetes,109762
Kubernetes,109762
Kubernetes,109803
Kubernetes,111161
Kubernetes,112204
Kubernetes,113000
Kubernetes,114000
Kubernetes,115920
Kubernetes,117156
Kubernetes,118250
Kubernetes,120000
Kubernetes,120000
Kubernetes,120000
Kubernetes,120789
Kubernetes,122000
Kubernetes,122266
Kubernetes,122522
Kubernetes,122952
Kubernetes,123942
Kubernetes,123942
Kubernetes,124163
Kubernetes,125000
Kubernetes,125000
Kubernetes,126000
Kubernetes,126000
Kubernetes,126000
Kubernetes,126062
Kubernetes,126988
Kubernetes,128077
Kubernetes,128520
Kubernetes,128520
Kubernetes,129062
Kubernetes,129076
Kubernetes,129076
Kubernetes,129080
Kubernetes,129780
Kubernetes,129780
Kubernetes,130000
Kubernetes,130000
Kubernetes,130000
Kubernetes,130000
Kubernetes,130000
Kubernetes,130000
Kubernetes,130000
Kubernetes,130000
Kubernetes,130000
Kubernetes,130560
Kubernetes,131000
Kubernetes,131269
Kubernetes,131306
Kubernetes,132000
Kubernetes,132252
Kubernetes,132777
Kubernetes,132960
Kubernetes,133900
Kubernetes,133921
Kubernetes,134182
Kubernetes,134820
Kubernetes,135000
Kubernetes,135000
Kubernetes,135000
Kubernetes,135000
Kubernetes,135000
Kubernetes,135000
Kubernetes,135000
Kubernetes,135000
Kubernetes,135000
Kubernetes,137500
Kubernetes,138191
Kubernetes,138204
Kubernetes,138204
Kubernetes,139100
Kubernetes,139100
Kubernetes,139230
Kubernetes,139338
Kubernetes,140000
Kubernetes,140000
Kubernetes,140000
Kubernetes,141120
Kubernetes,142817
Kubernetes,145000
Kubernetes,145000
Kubernetes,145000
Kubernetes,145000
Kubernetes,147000
Kubernetes,150000
Kubernetes,150000
Kubernetes,150528
Kubernetes,152068
Kubernetes,152225
Kubernetes,152225
Kubernetes,102695
Kubernetes,109095
Kubernetes,111157
Kubernetes,111650
Kubernetes,113300
Kubernetes,114233
Kubernetes,115000
Kubernetes,117300
Kubernetes,117300
Kubernetes,122674
Kubernetes,124338
Kubernetes,124373
Kubernetes,125000
Kubernetes,125000
Kubernetes,130000
Kubernetes,130000
Kubernetes,130122
Kubernetes,131946
Kubernetes,137000
Kubernetes,138000
Kubernetes,138884
Kubernetes,138884
Kubernetes,139230
Kubernetes,139250
Kubernetes,139994
Kubernetes,114450
Kubernetes,130000
Kubernetes,180000
Kubernetes,57512
Kubernetes,57512
Kubernetes,60258
Kubernetes,68390
Kubernetes,85000
Kubernetes,85000
Kubernetes,85000
Kubernetes,87306
Kubernetes,98342
Kubernetes,100504
Kubernetes,113118
Kubernetes,115566
Kubernetes,138915
Kubernetes,140000
Kubernetes,140000
Kubernetes,150000
Kubernetes,161000
Kubernetes,163000
Kubernetes,74402
Kubernetes,100000
Kubernetes,100000
Kubernetes,168366
Kubernetes,168366
Kubernetes,168366
Kubernetes,88733
Kubernetes,90604
Kubernetes,90959
Kubernetes,90959
Kubernetes,113000
Kubernetes,113000
Kubernetes,113000
Kubernetes,117268
Kubernetes,120000
Kubernetes,120000
Kubernetes,125000
Kubernetes,128820
Kubernetes,131124
Kubernetes,133640
Kubernetes,109000
Kubernetes,161939
Kubernetes,137500
Kubernetes,125000
Kubernetes,159214
Kubernetes,72717
Kubernetes,68850
Kubernetes,68850
Kubernetes,68850
Kubernetes,71000
Kubernetes,80500
Kubernetes,86507
Kubernetes,65874
Kubernetes,71365
Kubernetes,78624
Kubernetes,79518
Kubernetes,93933
Kubernetes,75000
Kubernetes,130000
Kubernetes,80000
Kubernetes,77750
Kubernetes,130000
Docker,75000
Docker,75000
Docker,95000
Docker,950000
Docker,115000
Docker,73445
Docker,95000
Docker,133000
Docker,82000
Docker,140000
Docker,62000
Docker,118000
Docker,66186
Docker,78510
Docker,99800
Docker,70949
Docker,112120
Docker,115000
Docker,105000
Docker,97000
Docker,87859
Docker,105000
Docker,105000
Docker,117000
Docker,117000
Docker,124000
Docker,133000
Docker,137000
Docker,147200
Docker,148000
Docker,110000
Docker,124000
Docker,90000
Docker,94950
Docker,75982
Docker,78811
Docker,78811
Docker,83075
Docker,83595
Docker,92481
Docker,70034
Docker,80586
Docker,88275
Docker,88275
Docker,76960
Docker,79456
Docker,79963
Docker,83075
Docker,88275
Docker,88275
Docker,88275
Docker,80823
Docker,81702
Docker,84926
Docker,84926
Docker,84926
Docker,84926
Docker,84926
Docker,84926
Docker,84926
Docker,84926
Docker,84926
Docker,84926
Docker,84926
Docker,84926
Docker,84926
Docker,84926
Docker,84926
Docker,84926
Docker,84926
Docker,84926
Docker,85010
Docker,92352
Docker,94432
Docker,94432
Docker,94432
Docker,84500
Docker,85251
Docker,85482
Docker,85482
Docker,85482
Docker,85848
Docker,85848
Docker,85941
Docker,85941
Docker,88237
Docker,95930
Docker,75878
Docker,81702
Docker,81702
Docker,81702
Docker,81702
Docker,81702
Docker,81702
Docker,81702
Docker,84900
Docker,84926
Docker,84926
Docker,84926
Docker,84926
Docker,84926
Docker,84926
Docker,84926
Docker,84926
Docker,84926
Docker,84926
Docker,84926
Docker,84926
Docker,84926
Docker,84926
Docker,84926
Docker,84926
Docker,84926
Docker,84926
Docker,84926
Docker,84926
Docker,84926
Docker,84926
Docker,84926
Docker,84926
Docker,84926
Docker,84926
Docker,84926
Docker,84926
Docker,84926
Docker,84926
Docker,84926
Docker,84926
Docker,84926
Docker,84926
Docker,84926
Docker,84926
Docker,84926
Docker,84926
Docker,84926
Docker,84926
Docker,84926
Docker,84926
Docker,84926
Docker,84926
Docker,84926
Docker,85000
Docker,85000
Docker,85010
Docker,85010
Docker,85010
Docker,85010
Docker,85771
Docker,85771
Docker,85970
Docker,85970
Docker,86135
Docker,86135
Docker,86325
Docker,86325
Docker,86325
Docker,87139
Docker,88005
Docker,88442
Docker,88691
Docker,90037
Docker,91531
Docker,91531
Docker,92331
Docker,92768
Docker,92768
Docker,92768
Docker,92768
Docker,92768
Docker,92768
Docker,92768
Docker,92768
Docker,92768
Docker,92768
Docker,92768
Docker,93372
Docker,93372
Docker,93372
Docker,94333
Docker,94432
Docker,94432
Docker,94432
Docker,94432
Docker,94473
Docker,94536
Docker,99838
Docker,99912
Docker,102771
Docker,81390
Docker,82763
Docker,83346
Docker,83346
Docker,83450
Docker,83607
Docker,85250
Docker,85250
Docker,86264
Docker,86264
Docker,86264
Docker,86264
Docker,86264
Docker,86264
Docker,86287
Docker,86287
Docker,88067
Docker,88442
Docker,88442
Docker,89498
Docker,92768
Docker,92768
Docker,92768
Docker,92768
Docker,92768
Docker,92768
Docker,92768
Docker,92768
Docker,92768
Docker,95252
Docker,95306
Docker,99861
Docker,99861
Docker,99944
Docker,103875
Docker,107477
Docker,89741
Docker,89741
Docker,74200
Docker,79082
Docker,81390
Docker,81390
Docker,83346
Docker,83346
Docker,83346
Docker,83450
Docker,85744
Docker,87923
Docker,88733
Docker,91229
Docker,96928
Docker,96928
Docker,98093
Docker,98259
Docker,99154
Docker,99154
Docker,99154
Docker,99367
Docker,100464
Docker,100464
Docker,102107
Docker,107677
Docker,107677
Docker,107951
Docker,110864
Docker,111395
Docker,96346
Docker,84885
Docker,86320
Docker,96346
Docker,109242
Docker,120000
Docker,100000
Docker,120000
Docker,93000
Docker,88483
Docker,88483
Docker,90002
Docker,73778
Docker,92000
Docker,112000
Docker,101774
Docker,112000
Docker,112000
Docker,70000
Docker,70000
Docker,70000
Docker,70000
Docker,70000
Docker,70000
Docker,70000
Docker,70000
Docker,72000
Docker,72000
Docker,72000
Docker,72000
Docker,72000
Docker,72000
Docker,95000
Docker,95000
Docker,95000
Docker,95000
Docker,105000
Docker,105000
Docker,95000
Docker,95000
Docker,95000
Docker,95000
Docker,98000
Docker,98000
Docker,67000
Docker,67000
Docker,67000
Docker,67000
Docker,88670
Docker,88670
Docker,88670
Docker,88670
Docker,95000
Docker,95000
Docker,95000
Docker,95000
Docker,95000
Docker,95000
Docker,95000
Docker,95000
Docker,95000
Docker,95000
Docker,95000
Docker,95000
Docker,95000
Docker,95000
Docker,95000
Docker,95000
Docker,95000
Docker,95000
Docker,95000
Docker,95000
Docker,95000
Docker,95000
Docker,95000
Docker,95000
Docker,95000
Docker,95000
Docker,95000
Docker,95000
Docker,95000
Docker,95000
Docker,95000
Docker,95000
Docker,95000
Docker,95000
Docker,95000
Docker,95000
Docker,95000
Docker,95000
Docker,95000
Docker,95000
Docker,95000
Docker,95000
Docker,95000
Docker,95000
Docker,95000
Docker,95000
Docker,95000
Docker,95000
Docker,95000
Docker,95000
Docker,95000
Docker,95000
Docker,95000
Docker,95000
Docker,95000
Docker,95000
Docker,95000
Docker,95000
Docker,95000
Docker,95000
Docker,95000
Docker,95000
Docker,95000
Docker,95000
Docker,95000
Docker,95000
Docker,95000
Docker,95000
Docker,98000
Docker,98000
Docker,100000
Docker,100000
Docker,100000
Docker,100000
Docker,111405
Docker,111405
Docker,115000
Docker,115000
Docker,60000
Docker,60000
Docker,100000
Docker,100000
Docker,115000
Docker,115000
Docker,96366
Docker,96366
Docker,93933
Docker,93933
Docker,93933
Docker,93933
Docker,96366
Docker,96366
Docker,96366
Docker,96366
Docker,71926
Docker,71926
Docker,72966
Docker,72966
Docker,72966
Docker,72966
Docker,76357
Docker,76357
Docker,76357
Docker,76357
Docker,80912
Docker,80912
Docker,80912
Docker,80912
Docker,81016
Docker,81016
Docker,81016
Docker,81016
Docker,81016
Docker,81016
Docker,84240
Docker,84240
Docker,84240
Docker,84240
Docker,84240
Docker,84240
Docker,84240
Docker,84240
Docker,84240
Docker,84240
Docker,84240
Docker,84240
Docker,85134
Docker,85134
Docker,85134
Docker,85134
Docker,85134
Docker,85134
Docker,85426
Docker,85426
Docker,85426
Docker,85426
Docker,85426
Docker,85426
Docker,85488
Docker,85488
Docker,87173
Docker,87173
Docker,87464
Docker,87464
Docker,87464
Docker,87464
Docker,88670
Docker,88670
Docker,88670
Docker,88670
Docker,90376
Docker,90376
Docker,90480
Docker,90480
Docker,90646
Docker,90646
Docker,90646
Docker,90646
Docker,90646
Docker,90646
Docker,91104
Docker,91104
Docker,91915
Docker,91915
Docker,93746
Docker,93746
Docker,96366
Docker,96366
Docker,96366
Docker,96366
Docker,103563
Docker,103563
Docker,80912
Docker,80912
Docker,85426
Docker,85426
Docker,89918
Docker,89918
Docker,75000
Docker,75000
Docker,75000
Docker,75000
Docker,90000
Docker,93517
Docker,93517
Docker,105600
Docker,116850
Docker,100940
Docker,103000
Docker,130000
Docker,114900
Docker,122900
Docker,73000
Docker,80500
Docker,85000
Docker,85000
Docker,90000
Docker,90000
Docker,90000
Docker,90000
Docker,90000
Docker,90000
Docker,92000
Docker,92000
Docker,92500
Docker,93000
Docker,95000
Docker,95000
Docker,95000
Docker,95000
Docker,95000
Docker,95000
Docker,95000
Docker,95000
Docker,95000
Docker,95000
Docker,96700
Docker,98000
Docker,98000
Docker,99500
Docker,100000
Docker,100000
Docker,100000
Docker,100000
Docker,100000
Docker,100000
Docker,100000
Docker,100000
Docker,100000
Docker,100090
Docker,102000
Docker,103000
Docker,103000
Docker,103000
Docker,103000
Docker,103000
Docker,103000
Docker,105000
Docker,105000
Docker,105000
Docker,105000
Docker,105000
Docker,105000
Docker,105000
Docker,105000
Docker,105000
Docker,107000
Docker,108000
Docker,108000
Docker,108000
Docker,108000
Docker,110000
Docker,110000
Docker,110000
Docker,110000
Docker,110000
Docker,110000
Docker,110000
Docker,110000
Docker,110000
Docker,110000
Docker,110000
Docker,110000
Docker,110000
Docker,110000
Docker,110000
Docker,110000
Docker,112000
Docker,115000
Docker,115000
Docker,115000
Docker,115000
Docker,115000
Docker,115000
Docker,115000
Docker,115000
Docker,115000
Docker,115000
Docker,115000
Docker,115000
Docker,115000
Docker,118000
Docker,118798
Docker,120000
Docker,120000
Docker,120000
Docker,120000
Docker,121762
Docker,123000
Docker,125000
Docker,125000
Docker,125000
Docker,125000
Docker,125000
Docker,125000
Docker,125500
Docker,128000
Docker,128000
Docker,128000
Docker,130000
Docker,130000
Docker,130000
Docker,130000
Docker,130000
Docker,80000
Docker,90002
Docker,162300
Docker,77000
Docker,138362
Docker,88691
Docker,100000
Docker,100000
Docker,100000
Docker,100000
Docker,100000
Docker,100000
Docker,105000
Docker,105000
Docker,110000
Docker,110000
Docker,110000
Docker,120000
Docker,120000
Docker,120000
Docker,123120
Docker,130000
Docker,130000
Docker,80850
Docker,89260
Docker,90002
Docker,80000
Docker,82000
Docker,87000
Docker,87000
Docker,90000
Docker,95000
Docker,98177
Docker,100000
Docker,100000
Docker,100000
Docker,100000
Docker,100000
Docker,100000
Docker,100000
Docker,100000
Docker,103000
Docker,105000
Docker,105000
Docker,105000
Docker,105000
Docker,105000
Docker,105000
Docker,106000
Docker,107000
Docker,110000
Docker,110000
Docker,110000
Docker,110000
Docker,110000
Docker,110000
Docker,110000
Docker,115000
Docker,115000
Docker,115000
Docker,115000
Docker,116600
Docker,118000
Docker,120000
Docker,120000
Docker,125000
Docker,128271
Docker,84184
Docker,100000
Docker,105000
Docker,105000
Docker,105000
Docker,106000
Docker,108160
Docker,108160
Docker,111300
Docker,83000
Docker,97275
Docker,100000
Docker,103040
Docker,106000
Docker,106605
Docker,108150
Docker,109368
Docker,109970
Docker,112270
Docker,114790
Docker,120000
Docker,120000
Docker,121900
Docker,125000
Docker,126000
Docker,126000
Docker,126000
Docker,127293
Docker,130000
Docker,130478
Docker,145000
Docker,145000
Docker,98850
Docker,106000
Docker,106591
Docker,120000
Docker,121581
Docker,124000
Docker,125400
Docker,128038
Docker,101091
Docker,147000
Docker,147000
Docker,65229
Docker,71802
Docker,71802
Docker,75000
Docker,85000
Docker,85000
Docker,85000
Docker,88254
Docker,88254
Docker,90000
Docker,100000
Docker,100000
Docker,100000
Docker,100000
Docker,100000
Docker,105000
Docker,105000
Docker,109762
Docker,110000
Docker,115142
Docker,120000
Docker,120000
Docker,125000
Docker,130000
Docker,130000
Docker,130000
Docker,135000
Docker,140000
Docker,140000
Docker,140000
Docker,140000
Docker,160000
Docker,165360
Docker,180000
Docker,90000
Docker,90000
Docker,90000
Docker,95000
Docker,95000
Docker,105000
Docker,105000
Docker,81182
Docker,85000
Docker,85000
Docker,85000
Docker,86002
Docker,87000
Docker,87000
Docker,87000
Docker,87000
Docker,88254
Docker,94649
Docker,95000
Docker,95000
Docker,100000
Docker,100000
Docker,100000
Docker,100000
Docker,100000
Docker,100000
Docker,100000
Docker,100000
Docker,100176
Docker,102000
Docker,105000
Docker,105000
Docker,105000
Docker,105000
Docker,105000
Docker,105000
Docker,105000
Docker,105000
Docker,105000
Docker,105000
Docker,105000
Docker,105000
Docker,105000
Docker,105000
Docker,105000
Docker,105000
Docker,105000
Docker,105000
Docker,105000
Docker,105000
Docker,105473
Docker,106000
Docker,106030
Docker,107100
Docker,108255
Docker,109762
Docker,109762
Docker,110000
Docker,110000
Docker,110000
Docker,110000
Docker,110000
Docker,110000
Docker,110000
Docker,110000
Docker,110000
Docker,110000
Docker,110000
Docker,110000
Docker,110000
Docker,110000
Docker,110000
Docker,110000
Docker,110000
Docker,110000
Docker,110000
Docker,110000
Docker,110000
Docker,110000
Docker,110000
Docker,110000
Docker,110000
Docker,110000
Docker,110000
Docker,110000
Docker,110000
Docker,110000
Docker,110000
Docker,110250
Docker,112000
Docker,112200
Docker,112500
Docker,112500
Docker,113835
Docker,115000
Docker,115000
Docker,115000
Docker,115000
Docker,115000
Docker,115000
Docker,115000
Docker,115000
Docker,115000
Docker,115000
Docker,115000
Docker,116078
Docker,116550
Docker,116558
Docker,116600
Docker,116600
Docker,116600
Docker,118000
Docker,118000
Docker,118217
Docker,120000
Docker,122317
Docker,122317
Docker,125000
Docker,125000
Docker,128500
Docker,130769
Docker,131285
Docker,84184
Docker,85000
Docker,87000
Docker,88000
Docker,88254
Docker,90000
Docker,90000
Docker,100700
Docker,105000
Docker,106380
Docker,106586
Docker,111300
Docker,114639
Docker,115000
Docker,122674
Docker,80000
Docker,83000
Docker,95460
Docker,100000
Docker,102129
Docker,102695
Docker,104790
Docker,105000
Docker,109762
Docker,109762
Docker,109803
Docker,111161
Docker,112204
Docker,113000
Docker,114000
Docker,115920
Docker,117156
Docker,118250
Docker,120000
Docker,120000
Docker,120000
Docker,120789
Docker,122000
Docker,122266
Docker,122522
Docker,122952
Docker,123942
Docker,123942
Docker,124163
Docker,125000
Docker,125000
Docker,126000
Docker,126000
Docker,126000
Docker,126062
Docker,126988
Docker,128077
Docker,128520
Docker,128520
Docker,129062
Docker,129076
Docker,129076
Docker,129080
Docker,129780
Docker,129780
Docker,130000
Docker,130000
Docker,130000
Docker,130000
Docker,130000
Docker,130000
Docker,130000
Docker,130000
Docker,130000
Docker,130560
Docker,131000
Docker,131269
Docker,131306
Docker,132000
Docker,132252
Docker,132777
Docker,132960
Docker,133900
Docker,133921
Docker,134182
Docker,134820
Docker,135000
Docker,135000
Docker,135000
Docker,135000
Docker,135000
Docker,135000
Docker,135000
Docker,135000
Docker,135000
Docker,137500
Docker,138191
Docker,138204
Docker,138204
Docker,139100
Docker,139100
Docker,139230
Docker,139338
Docker,140000
Docker,140000
Docker,140000
Docker,141120
Docker,142817
Docker,145000
Docker,145000
Docker,145000
Docker,145000
Docker,147000
Docker,150000
Docker,150000
Docker,150528
Docker,152068
Docker,152225
Docker,152225
Docker,102695
Docker,109095
Docker,111157
Docker,111650
Docker,113300
Docker,114233
Docker,115000
Docker,117300
Docker,117300
Docker,122674
Docker,124338
Docker,124373
Docker,125000
Docker,125000
Docker,130000
Docker,130000
Docker,130122
Docker,131946
Docker,137000
Docker,138000
Docker,138884
Docker,138884
Docker,139230
Docker,139250
Docker,139994
Docker,114450
Docker,130000
Docker,180000
Docker,57512
Docker,57512
Docker,60258
Docker,68390
Docker,85000
Docker,85000
Docker,85000
Docker,87306
Docker,98342
Docker,100504
Docker,113118
Docker,115566
Docker,138915
Docker,140000
Docker,140000
Docker,150000
Docker,161000
Docker,163000
Docker,74402
Docker,100000
Docker,100000
Docker,168366
Docker,168366
Docker,168366
Docker,88733
Docker,90604
Docker,90959
Docker,90959
Docker,113000
Docker,113000
Docker,113000
Docker,117268
Docker,120000
Docker,120000
Docker,125000
Docker,128820
Docker,131124
Docker,133640
Docker,109000
Docker,161939
Docker,137500
Docker,125000
Docker,159214
Docker,72717
Docker,68850
Docker,68850
Docker,68850
Docker,71000
Docker,80500
Docker,86507
Docker,65874
Docker,71365
Docker,78624
Docker,79518
Docker,93933
Docker,97219
Docker,67350
Docker,87248
Docker,87248
Docker,87248
Docker,94162
Docker,95298
Docker,97219
Docker,97219
Docker,100000
Docker,101947
Docker,104069
Docker,112986
Docker,67350
Docker,87248
Docker,90000
Docker,99131
Docker,104069
Docker,104069
Docker,112986
Docker,97219
Docker,100262
Docker,79747
Docker,84593
Docker,86700
Docker,88378
Docker,88378
Docker,88378
Docker,88378
Docker,90000
Docker,97219
Docker,97219
Docker,97219
Docker,97219
Docker,97219
Docker,97219
Docker,97219
Docker,97219
Docker,97766
Docker,100262
Docker,100262
Docker,100262
Docker,100262
Docker,100664
Docker,101088
Docker,101088
Docker,101088
Docker,101088
Docker,101088
Docker,101088
Docker,101088
Docker,101088
Docker,101088
Docker,101088
Docker,101088
Docker,101088
Docker,101088
Docker,106000
Docker,106419
Docker,109140
Docker,112986
Docker,97219
Docker,117458
Docker,98036
Docker,100000
Docker,67496
Docker,78546
Docker,85000
Docker,87125
Docker,87125
Docker,88646
Docker,90000
Docker,94585
Docker,97219
Docker,97219
Docker,97219
Docker,97219
Docker,97766
Docker,98036
Docker,98036
Docker,98036
Docker,98036
Docker,98036
Docker,100262
Docker,101088
Docker,107000
Docker,107264
Docker,107264
Docker,109140
Docker,112986
Docker,111218
Docker,113234
Docker,68931
Docker,68931
Docker,68931
Docker,68931
Docker,70000
Docker,71843
Docker,71843
Docker,72818
Docker,72818
Docker,72818
Docker,72818
Docker,73692
Docker,75000
Docker,75000
Docker,75000
Docker,75000
Docker,78590
Docker,84739
Docker,87027
Docker,87027
Docker,88000
Docker,90581
Docker,90581
Docker,90629
Docker,91000
Docker,93480
Docker,93480
Docker,93500
Docker,93500
Docker,93500
Docker,93500
Docker,98883
Docker,101088
Docker,101088
Docker,101088
Docker,101088
Docker,101088
Docker,101088
Docker,101088
Docker,101088
Docker,101088
Docker,101088
Docker,101566
Docker,103697
Docker,106101
Docker,106101
Docker,106101
Docker,106101
Docker,106101
Docker,106577
Docker,107516
Docker,107516
Docker,107516
Docker,107516
Docker,110186
Docker,110234
Docker,110234
Docker,110358
Docker,113234
Docker,115814
Docker,116459
Docker,116459
Docker,116459
Docker,117458
Docker,117458
Docker,122533
Docker,122533
Docker,122533
Docker,122533
Docker,122533
Docker,122533
Docker,123429
Docker,133806
Docker,64126
Docker,110234
Docker,120000
Docker,101088
Docker,133077
Docker,111948
Docker,106101
Docker,122533
Docker,71400
Docker,71843
Docker,71843
Docker,71843
Docker,74312
Docker,75458
Docker,80000
Docker,83366
Docker,88108
Docker,88108
Docker,88146
Docker,89109
Docker,89109
Docker,90944
Docker,91541
Docker,91541
Docker,91919
Docker,93500
Docker,93500
Docker,93500
Docker,93975
Docker,93975
Docker,93975
Docker,97850
Docker,98987
Docker,98987
Docker,98987
Docker,98987
Docker,99424
Docker,99807
Docker,100000
Docker,100942
Docker,102669
Docker,103486
Docker,104863
Docker,106101
Docker,106101
Docker,106101
Docker,106101
Docker,106101
Docker,106101
Docker,106101
Docker,106101
Docker,106101
Docker,106101
Docker,110000
Docker,111784
Docker,111784
Docker,111784
Docker,111948
Docker,112549
Docker,112549
Docker,112549
Docker,112549
Docker,112549
Docker,112549
Docker,113561
Docker,113561
Docker,113619
Docker,113619
Docker,114069
Docker,114330
Docker,114330
Docker,117770
Docker,117770
Docker,119020
Docker,121740
Docker,121740
Docker,122533
Docker,122533
Docker,122533
Docker,122533
Docker,122533
Docker,122533
Docker,122533
Docker,122533
Docker,122533
Docker,122533
Docker,122533
Docker,124916
Docker,127801
Docker,130056
Docker,132080
Docker,132080
Docker,132080
Docker,132080
Docker,142168
Docker,117000
Docker,116646
Docker,154315
Docker,154315
Docker,101837
Docker,73097
Docker,73097
Docker,75000
Docker,75000
Docker,75000
Docker,79784
Docker,80912
Docker,80912
Docker,81147
Docker,81947
Docker,83366
Docker,83366
Docker,87420
Docker,89320
Docker,89320
Docker,89320
Docker,89320
Docker,94426
Docker,94426
Docker,95000
Docker,96658
Docker,97695
Docker,97695
Docker,98196
Docker,98812
Docker,98812
Docker,98812
Docker,98812
Docker,98812
Docker,98812
Docker,99382
Docker,99382
Docker,99382
Docker,99424
Docker,99424
Docker,99888
Docker,99888
Docker,99888
Docker,102669
Docker,102669
Docker,103217
Docker,103217
Docker,103217
Docker,108255
Docker,112269
Docker,112282
Docker,112282
Docker,112282
Docker,112282
Docker,112282
Docker,112549
Docker,112549
Docker,112549
Docker,112549
Docker,112549
Docker,112549
Docker,112549
Docker,112549
Docker,112549
Docker,112549
Docker,112549
Docker,112549
Docker,112549
Docker,112549
Docker,112549
Docker,112549
Docker,112549
Docker,112549
Docker,112549
Docker,112549
Docker,112549
Docker,112549
Docker,112549
Docker,112549
Docker,112549
Docker,112549
Docker,112549
Docker,112549
Docker,112576
Docker,112576
Docker,112576
Docker,112649
Docker,112671
Docker,112935
Docker,113118
Docker,113124
Docker,113124
Docker,113318
Docker,113318
Docker,113318
Docker,113318
Docker,113318
Docker,113318
Docker,113318
Docker,113318
Docker,113318
Docker,113318
Docker,113318
Docker,113318
Docker,113318
Docker,113318
Docker,113318
Docker,113318
Docker,113318
Docker,113318
Docker,113344
Docker,113344
Docker,113344
Docker,113344
Docker,117000
Docker,117000
Docker,117000
Docker,122429
Docker,124400
Docker,132080
Docker,132080
Docker,132080
Docker,132080
Docker,133806
Docker,133806
Docker,133806
Docker,133806
Docker,133806
Docker,133806
Docker,133806
Docker,133806
Docker,133806
Docker,138778
Docker,139908
Docker,65166
Docker,73430
Docker,73430
Docker,80912
Docker,81474
Docker,82625
Docker,89320
Docker,89320
Docker,89320
Docker,89320
Docker,89320
Docker,89648
Docker,91957
Docker,93538
Docker,96424
Docker,97781
Docker,97781
Docker,97781
Docker,97781
Docker,97781
Docker,97781
Docker,97781
Docker,98126
Docker,98533
Docker,99442
Docker,100072
Docker,101837
Docker,101837
Docker,101837
Docker,103000
Docker,106517
Docker,106517
Docker,106517
Docker,106517
Docker,106517
Docker,106517
Docker,109678
Docker,109678
Docker,109886
Docker,110000
Docker,111754
Docker,113020
Docker,113020
Docker,113115
Docker,113318
Docker,113318
Docker,113318
Docker,113318
Docker,113318
Docker,113318
Docker,113318
Docker,113318
Docker,113318
Docker,113318
Docker,113318
Docker,113318
Docker,113318
Docker,113318
Docker,113318
Docker,113318
Docker,113318
Docker,113318
Docker,113318
Docker,113318
Docker,113318
Docker,113318
Docker,113318
Docker,113318
Docker,113318
Docker,113318
Docker,113318
Docker,113318
Docker,113318
Docker,113318
Docker,113318
Docker,113318
Docker,113318
Docker,113318
Docker,113318
Docker,113318
Docker,113318
Docker,113318
Docker,113318
Docker,113318
Docker,113381
Docker,113381
Docker,113381
Docker,113381
Docker,113381
Docker,113381
Docker,113381
Docker,113381
Docker,113381
Docker,113381
Docker,113381
Docker,113381
Docker,113381
Docker,113381
Docker,113381
Docker,113381
Docker,113381
Docker,113630
Docker,120307
Docker,120307
Docker,120307
Docker,120307
Docker,120307
Docker,120307
Docker,120307
Docker,120307
Docker,120307
Docker,121077
Docker,122000
Docker,122000
Docker,122824
Docker,133598
Docker,133598
Docker,133598
Docker,133598
Docker,133598
Docker,133598
Docker,133806
Docker,133806
Docker,133806
Docker,133806
Docker,133806
Docker,133806
Docker,133806
Docker,138778
Docker,144123
Docker,134420
Docker,145000
Docker,93548
Docker,100000
Docker,90000
Docker,92546
Docker,95000
Docker,100000
Docker,110000
Docker,115000
Docker,120000
Docker,125000
Docker,130000
Docker,115000
Docker,110000
Docker,100000
Docker,100000
Docker,100000
Docker,110000
Docker,115000
Docker,128125
Docker,128125
Docker,100000
Docker,110000
Docker,80163
Docker,80163
Docker,66706
Docker,66706
Docker,66706
Docker,80163
Docker,82000
Docker,85000
Docker,85000
Docker,90000
Docker,90000
Docker,67538
Docker,61963
Docker,67538
Docker,67538
Docker,67538
Docker,67538
Docker,67538
Docker,70000
Docker,75000
Docker,85000
Docker,87000
Docker,90000
Docker,94000
Docker,95000
Docker,105000
Docker,68000
Docker,130000
Docker,62000
Docker,65000
Docker,70000
Docker,76000
Docker,80000
Docker,85000
Docker,87000
Docker,90000
Docker,90000
Docker,92500
Docker,94224
Docker,95000
Docker,96000
Docker,96000
Docker,98000
Docker,100000
Docker,100000
Docker,100000
Docker,104000
Docker,140000
Docker,65500
Docker,78874
Docker,79000
Docker,132000
Docker,140000
Docker,64958
Docker,64958
Docker,64958
Docker,64958
Docker,64958
Docker,64958
Docker,65000
Docker,65000
Docker,65000
Docker,65000
Docker,65000
Docker,65000
Docker,65000
Docker,65500
Docker,67000
Docker,67000
Docker,68319
Docker,68319
Docker,70000
Docker,70000
Docker,70000
Docker,70000
Docker,70000
Docker,72000
Docker,72000
Docker,73000
Docker,75000
Docker,75000
Docker,75000
Docker,75000
Docker,120000
Docker,130000
Docker,130000
Docker,140000
Docker,145000
Docker,90000
Docker,120349
Docker,139050
Docker,149350
Docker,80000
Docker,77750
Docker,130000
